California Plumbing,"4.9
(775)",,https://www.google.com/maps/place/California+Plumbing/data=!4m7!3m6!1s0x80d94f8e3256ff05:0x1d0c310e5b17c892!8m2!3d32.8244879!4d-117.1027679!16s%2Fg%2F11dxm8v8xd!19sChIJBf9WMo5P2YARksgXWw4xDB0?authuser=0&hl=en&rclk=1,"
+1 619-787-3443",https://www.californiaplumbingsd.com/,False,https://www.californiaplumbingsd.com/contact,,,,"{""address"": """", ""social_media"": {""facebook"": ""https://facebook.com"", ""instagram"": ""https://instagram.com""}}"
Barker and Sons Plumbing & Rooter,"4.9
(775)","
3900 E Miraloma Ave, Anaheim, CA 92806, United States",https://www.google.com/maps/place/Barker+and+Sons+Plumbing+%26+Rooter/data=!4m7!3m6!1s0x80dcd6b50a4b2935:0xc14e54c0d8f0730c!8m2!3d33.8624205!4d-117.8338698!16s%2Fg%2F1tfhgq9l!19sChIJNSlLCrXW3IARDHPw2MBUTsE?authuser=0&hl=en&rclk=1,"
+1 714-667-7800",http://barkerandsonsplumbing.com/?/utm_source=google&utm_medium=gmb&utm_campaign=GoogleBusinessProfile,False,http://barkerandsonsplumbing.com/contact,,,,"{""address"": ""3900 E Miraloma Ave Anaheim, CA 92806"", ""social_media"": {}}"
AIM Plumbing California,,"
340 Presidents Ave, Hemet, CA 92543, United States",https://www.google.com/maps/place/AIM+Plumbing+California/data=!4m7!3m6!1s0x80d954feeddba5a7:0x47db67fc24e41581!8m2!3d33.7591544!4d-116.9745189!16s%2Fg%2F11dxlg4jnx!19sChIJp6Xb7f5U2YARgRXkJPxn20c?authuser=0&hl=en&rclk=1,"
+1 951-658-3359",https://www.aimplumbingcalifornia.com/,False,https://www.aimplumbingcalifornia.com/contact,,,,"{""address"": """", ""social_media"": {}}"
Valley Plumbing,"4.9
(54)","
78886 Avenue 41, Bermuda Dunes, CA 92203, United States",https://www.google.com/maps/place/Valley+Plumbing/data=!4m7!3m6!1s0x80daf83001051de5:0x5fc1a717a45f8eda!8m2!3d33.7515004!4d-116.288183!16s%2Fg%2F1tjrq82j!19sChIJ5R0FATD42oAR2o5fpBenwV8?authuser=0&hl=en&rclk=1,"
+1 760-493-6727",https://www.valley-plumbing.com/,False,https://www.valley-plumbing.com/contact,,,,{}
Done-Rite Plumbing & Rooter,,"
1238 E Baldwin Ave, Orange, CA 92865, United States",https://www.google.com/maps/place/Done-Rite+Plumbing+%26+Rooter/data=!4m7!3m6!1s0x80dcd6d9dcf72f37:0xf8c4856c9ac030a6!8m2!3d33.8417662!4d-117.8434376!16s%2Fg%2F11b6gd05kj!19sChIJNy_33NnW3IARpjDAmmyFxPg?authuser=0&hl=en&rclk=1,"
+1 714-786-1458",https://thedoneriteplumber.com/,False,,,,,{}
"Alpine Plumbing, Heating, and Air",,"
462 Borrego Ct Unit A, San Dimas, CA 91773, United States","https://www.google.com/maps/place/Alpine+Plumbing,+Heating,+and+Air/data=!4m7!3m6!1s0x80c32f9975879e3f:0x220d24b220ab8adb!8m2!3d34.1021817!4d-117.8162141!16s%2Fg%2F11g4b68323!19sChIJP56HdZkvw4AR24qrILIkDSI?authuser=0&hl=en&rclk=1","
+1 626-598-1813",https://alpineplumbingrooter.com/?utm_campaign=GoogleMyBusiness,False,,,,,{}
Low Cost Plumbing Services,"4.9
(550)","
462 Borrego Ct Unit A, San Dimas, CA 91773, United States",https://www.google.com/maps/place/Low+Cost+Plumbing+Services/data=!4m7!3m6!1s0x809458cfe1840001:0x208799921c5cc734!8m2!3d36.7751249!4d-119.687899!16s%2Fg%2F11h06mz2s_!19sChIJAQCE4c9YlIARNMdcHJKZhyA?authuser=0&hl=en&rclk=1,"
+1 559-981-5008",http://www.low-costplumbingservices.com/,False,,,,,{}
Can Do Crew Plumbing Heating & AC,"4.9
(1,106)",,https://www.google.com/maps/place/Can+Do+Crew+Plumbing+Heating+%26+AC/data=!4m7!3m6!1s0x80ea43ba7f2e528d:0x1ffa68c261c43c66!8m2!3d35.4027177!4d-119.0491786!16s%2Fg%2F1tffk2h6!19sChIJjVIuf7pD6oARZjzEYcJo-h8?authuser=0&hl=en&rclk=1,"
+1 661-588-6444",https://callcandocrew.com/?utm_source=google&utm_medium=organic&utm_campaign=gbp-profile,False,,,,,{}
Merry Plumbing,"4.8
(1,025)",,https://www.google.com/maps/place/Merry+Plumbing/data=!4m7!3m6!1s0x80c2db35fe1225e1:0xe290d070ce0135f9!8m2!3d34.1222463!4d-118.1070208!16s%2Fg%2F1tcv6ldh!19sChIJ4SUS_jXbwoAR-TUBznDQkOI?authuser=0&hl=en&rclk=1,"
+1 626-414-5583",https://www.merryplumbing.com/,False,https://www.merryplumbing.com/contact,,,,"{""address"": ""1465 San Marino Ave. San Marino, CA 91108"", ""social_media"": {}}"
THE PLUMBER,"5.0
(514)","
1465 San Marino Ave, San Marino, CA 91108, United States",https://www.google.com/maps/place/THE+PLUMBER/data=!4m7!3m6!1s0x80c25d0c3c8f7a09:0x3cd690d2a2e37125!8m2!3d34.6708472!4d-118.1268968!16s%2Fg%2F11fdxsw3pf!19sChIJCXqPPAxdwoARJXHjotKQ1jw?authuser=0&hl=en&rclk=1,"
+1 661-466-5985",http://www.theplumberav.com/?utm_campaign=gmb,False,http://www.theplumberav.com/contact-us,,,,"{""address"": ""230 E Ave K4 Lancaster CA, 93535"", ""social_media"": {}}"
Mr. Rooter Plumbing of South and Central Valley,"4.9
(120)",,https://www.google.com/maps/place/Mr.+Rooter+Plumbing+of+South+and+Central+Valley/data=!4m7!3m6!1s0x80945fdf9612dd59:0xeeb57599b428f76f!8m2!3d36.6929566!4d-119.7879357!16s%2Fg%2F11clytq7yq!19sChIJWd0Slt9flIARb_cotJl1te4?authuser=0&hl=en&rclk=1,"
+1 559-201-8772",https://www.mrrooter.com/south-and-central-valley/?cid=LSTL_MRR000199&utm_source=gmb&utm_campaign=local&utm_medium=organic,False,,,,,{}
OneStop Plumbers - Plumbing and Leak Detection,"4.9
(162)",,https://www.google.com/maps/place/OneStop+Plumbers+-+Plumbing+and+Leak+Detection/data=!4m7!3m6!1s0x80dcc8eb6ee5771b:0xa7e1b6b72cbe6c13!8m2!3d33.8826413!4d-117.5987869!16s%2Fg%2F1hc0tdgxd!19sChIJG3flbuvI3IARE2y-LLe24ac?authuser=0&hl=en&rclk=1,"
+1 951-415-9071",https://www.onestopplumbers.com/?utm_source=GBPlisting&utm_medium=organic,False,,,,,{}
Solo Plumbing Inc,"5.0
(1,324)","
125 Business Center Dr h, Corona, CA 92878, United States",https://www.google.com/maps/place/Solo+Plumbing+Inc/data=!4m7!3m6!1s0xae561154cc91fb51:0xbf8d8877f3a4f43!8m2!3d34.9790096!4d-118.448089!16s%2Fg%2F11s2n7ymt8!19sChIJUfuRzFQRVq4RQ086f4fY-As?authuser=0&hl=en&rclk=1,"
+1 661-934-3483",https://soloplumbinginc.com/,False,https://soloplumbinginc.com/contact,,,,"{""address"": ""California City, CA 93505"", ""social_media"": {}}"
Cali-Rooter & Plumbing Inc,"4.9
(31)",,https://www.google.com/maps/place/Cali-Rooter+%26+Plumbing+Inc/data=!4m7!3m6!1s0x80c2c74d521d362b:0x8b34f99db48e8d21!8m2!3d34.020479!4d-118.366896!16s%2Fg%2F11c717d92c!19sChIJKzYdUk3HwoARIY2OtJ35NIs?authuser=0&hl=en&rclk=1,"
+1 818-331-5842",https://calirooters.com/,False,,,,,{}
City Plumbing and Rooter,"4.9
(102)","
20038 Arminta St, Winnetka, CA 91306, United States",https://www.google.com/maps/place/City+Plumbing+and+Rooter/data=!4m7!3m6!1s0x80c29bd5d9e6e41b:0x2caefe1836f192c3!8m2!3d34.2127239!4d-118.5692881!16s%2Fg%2F11fmb5m9s7!19sChIJG-Tm2dWbwoARw5LxNhj-riw?authuser=0&hl=en&rclk=1,"
+1 818-280-6080",https://www.cityplumbingandrooter.com/locations/winnetka-ca,False,,,,,{}
"Coast Plumbing, Heating & Air, Inc.","4.9
(222)","
20038 Arminta St, Winnetka, CA 91306, United States","https://www.google.com/maps/place/Coast+Plumbing,+Heating+%26+Air,+Inc./data=!4m7!3m6!1s0x80dd275e9b3cad8b:0x594b51805aaf5fba!8m2!3d33.710706!4d-117.930134!16s%2Fg%2F1tw_nkbh!19sChIJi608m14n3YARul-vWoBRS1k?authuser=0&hl=en&rclk=1","
+1 818-280-6080",https://www.coastplumbing.com/,False,https://www.coastplumbing.com/contact,,,,"{""address"": ""17390 Mount Cliffwood Circle Fountain Valley, CA 92708"", ""social_media"": {}}"
So Cal Plumbing Heating & Air Conditioning,"4.8
(380)","
17390 Mt Cliffwood Cir, Fountain Valley, CA 92708, United States",https://www.google.com/maps/place/So+Cal+Plumbing+Heating+%26+Air+Conditioning/data=!4m7!3m6!1s0x80c2b51f607da5d9:0xda72643f1edde98f!8m2!3d33.8530812!4d-118.3610134!16s%2Fg%2F11gnnldn7l!19sChIJ2aV9YB-1woARj-ndHj9kcto?authuser=0&hl=en&rclk=1,"
+1 714-262-4009",https://socalphac.com/,False,https://socalphac.com/contact,,,,"{""address"": """", ""social_media"": {}}"
Brad's Plumbing,"4.9
(194)","
4811 Darien St, Torrance, CA 90503, United States",https://www.google.com/maps/place/Brad%27s+Plumbing/data=!4m7!3m6!1s0x808de4c92ff076f3:0x7050334ce09f8726!8m2!3d36.871518!4d-121.665299!16s%2Fg%2F1tf7xyy9!19sChIJ83bwL8nkjYARJoef4EwzUHA?authuser=0&hl=en&rclk=1,"
+1 310-686-0777",https://bradsplumbingmontereycounty.com/,False,https://bradsplumbingmontereycounty.com/contact,,,,"{""address"": ""17080 Wallace Ct. Aromas CA 95004"", ""social_media"": {""facebook"": ""Facebook""}}"
Top Tier Plumbing Inc.,"4.9
(492)","
3450 Sacramento St #204, San Francisco, CA 94118, United States",https://www.google.com/maps/place/Top+Tier+Plumbing+Inc./data=!4m7!3m6!1s0x8090558e8e7c8465:0x6de309f7f1b106a6!8m2!3d37.595331!4d-121.007139!16s%2Fg%2F11y1cs15qf!19sChIJZYR8jo5VkIARpgax8fcJ420?authuser=0&hl=en&rclk=1,"
+1 415-917-1088",https://www.toptierplumbingservice.com/,False,https://www.toptierplumbingservice.com/contact,,,,"{""address"": ""Located In Modesto, CA 95354"", ""social_media"": {}}"
John's Plumbing & Drain Services,"5.0
(214)","
3847 Brunswick Ave, Los Angeles, CA 90039, United States",https://www.google.com/maps/place/John%27s+Plumbing+%26+Drain+Services/data=!4m7!3m6!1s0x80c2c0dd24b41faf:0xca6167c38b9cd6e9!8m2!3d34.122568!4d-118.2633217!16s%2Fg%2F11c6_vn6g1!19sChIJrx-0JN3AwoAR6daci8NnYco?authuser=0&hl=en&rclk=1,"
+1 323-422-7485",https://johnsplumber.com/,False,https://johnsplumber.com/contact,,,John,{}
All American Plumbing Heating & Air,"4.9
(258)","
3847 Brunswick Ave, Los Angeles, CA 90039, United States",https://www.google.com/maps/place/All+American+Plumbing+Heating+%26+Air/data=!4m7!3m6!1s0x80917ee5cb70cb69:0x6ec6fc5d60663b2e!8m2!3d37.060869!4d-120.841235!16s%2Fg%2F12cpls32t!19sChIJactwy-V-kYARLjtmYF38xm4?authuser=0&hl=en&rclk=1,"
+1 323-422-7485",https://www.allamericanpha.com/contact-us/,False,,,,,{}
Golden Valley Plumbing,"4.9
(121)",,https://www.google.com/maps/place/Golden+Valley+Plumbing/data=!4m7!3m6!1s0x809b29831474a5cd:0x3496d3de17ad7485!8m2!3d38.615602!4d-121.4737512!16s%2Fg%2F11j9chycj3!19sChIJzaV0FIMpm4ARhXStF97TljQ?authuser=0&hl=en&rclk=1,"
+1 916-832-5332",http://goldenvalleyplumbing.com/,False,http://goldenvalleyplumbing.com/contact,,,,"{""address"": ""712 Dabney Ave, Rio Linda, CA 95673"", ""social_media"": {}, ""working_hours"": ""Monday - Friday 7:00 am to 6:00 pm"", ""service_areas"": [""Antelope"", ""Arden-Arcade"", ""Auburn"", ""Cameron Park"", ""Citrus Heights"", ""Davis"", ""Dixon"", ""El Dorado Hills"", ""Elk Grove"", ""Fair Oaks"", ""Folsom"", ""Gold River"", ""Granite Bay"", ""La Riviera"", ""Lincoln"", ""Loomis"", ""Orangevale"", ""Placerville"", ""Rancho Cordova"", ""Rocklin"", ""Roseville"", ""Sacramento"", ""Vineyard"", ""West Sacramento"", ""Wilton"", ""Woodland"", ""McClellan Park"", ""Pleasant Grove"", ""Rio Linda"", ""Foothill Farms"", ""North Highlands"", ""Elverta"", ""Carmichael"", ""Riego""], ""licenses"": [""1065328"", ""1122563""], ""copyright"": ""Copyright 2025 \u00a9 - Golden Valley Plumbing.com. All rights reserved.""}"
Enviro Plumbing,"4.9
(75)","
3019 Ocean Park Blvd, Santa Monica, CA 90405, United States",https://www.google.com/maps/place/Enviro+Plumbing/data=!4m7!3m6!1s0x80c2bad75d67bdbb:0xc92e7c4c8e2760ec!8m2!3d34.0205481!4d-118.4534103!16s%2Fg%2F1hd_4b943!19sChIJu71nXde6woAR7GAnjkx8Lsk?authuser=0&hl=en&rclk=1,"
+1 310-929-7642",https://enviroplumbing.com/?utm_campaign=gmb,False,https://enviroplumbing.com/contact-us,,,"Manny, Pepe, Daniel, Amy, George, Mauricio, Jesus, Patrick, Jacob, Austin, Gustavo, Andrea, Angel, Jack",{}
Clear All Rooter Plumbing,"4.8
(485)","
3019 Ocean Park Blvd, Santa Monica, CA 90405, United States",https://www.google.com/maps/place/Clear+All+Rooter+Plumbing/data=!4m7!3m6!1s0x80dd4aee16b03d6f:0x84a1c0dccc5370ff!8m2!3d33.8246939!4d-118.1649748!16s%2Fg%2F11fzf8kvmc!19sChIJbz2wFu5K3YAR_3BTzNzAoYQ?authuser=0&hl=en&rclk=1,"
+1 310-929-7642",https://enviroplumbing.com/?utm_campaign=gmb,False,https://enviroplumbing.com/contact-us,,,"Manny, Pepe, Daniel, Amy, George, Mauricio, Jesus, Patrick, Jacob, Austin, Gustavo, Andrea, Angel, Jack",{}
All Flow Plumbing,"4.9
(307)","
3700 Industry Ave Ste 103, Lakewood, CA 90712, United States",https://www.google.com/maps/place/All+Flow+Plumbing/data=!4m7!3m6!1s0x80953de8b7f7b84d:0x5ddba32658d29eb4!8m2!3d36.2668756!4d-118.7769775!16s%2Fg%2F11pqchc2t4!19sChIJTbj3t-g9lYARtJ7SWCaj210?authuser=0&hl=en&rclk=1,"
+1 310-570-3129",http://clearallrooter.com/,False,,,,,{}
Benjamin Franklin Plumbing,"4.9
(59)",,https://www.google.com/maps/place/Benjamin+Franklin+Plumbing/data=!4m7!3m6!1s0x8085a37688c15f77:0xc70b9825ad9ad95a!8m2!3d37.9671959!4d-122.0509035!16s%2Fg%2F11q_p7dt7n!19sChIJd1_BiHajhYARWtmarSWYC8c?authuser=0&hl=en&rclk=1,"
+1 559-308-5777",http://allflow.plumbing/,False,,,,,{}
Advanced Plumbing Service,"4.9
(59)","
3748 Renfro Rd Ste. A, Bakersfield, CA 93314, United States",https://www.google.com/maps/place/Advanced+Plumbing+Service/data=!4m7!3m6!1s0x80ea44c0c9a43083:0x231ac55a0ad07f58!8m2!3d35.394154!4d-119.1627774!16s%2Fg%2F1tghdfxp!19sChIJgzCkycBE6oARWH_QClrFGiM?authuser=0&hl=en&rclk=1,"
+1 661-589-9273",http://www.advancedplumbingrepairspecialist.com/,False,http://www.advancedplumbingrepairspecialist.com/contact,,,,"{""address"": ""3748 Renfro Rd. Suite A, Bakersfield, CA 93314"", ""social_media"": {}}"
Beach Plumbing,"4.6
(196)","
3748 Renfro Rd Ste. A, Bakersfield, CA 93314, United States",https://www.google.com/maps/place/Beach+Plumbing/data=!4m7!3m6!1s0x80dd2febe0405c33:0x1492e29b83f99573!8m2!3d33.809564!4d-118.0365412!16s%2Fg%2F11r80w__l9!19sChIJM1xA4Osv3YARc5X5g5vikhQ?authuser=0&hl=en&rclk=1,"
+1 661-589-9273",http://www.advancedplumbingrepairspecialist.com/,False,http://www.advancedplumbingrepairspecialist.com/contact,,,,"{""address"": ""3748 Renfro Rd. Suite A, Bakersfield, CA 93314"", ""social_media"": {}}"
"Jerez Plumbing | Emergency Plumber, Hydrojetting, Drain Cleaning, and Tankless Water Heater Repair in La Puente, CA","4.9
(303)","
10532 Walker St # A, Cypress, CA 90630, United States","https://www.google.com/maps/place/Jerez+Plumbing+%7C+Emergency+Plumber,+Hydrojetting,+Drain+Cleaning,+and+Tankless+Water+Heater+Repair+in+La+Puente,+CA/data=!4m7!3m6!1s0x80c2d7f4db7337d7:0x32eb6fd594b2391b!8m2!3d34.0341695!4d-117.9868962!16s%2Fg%2F11rggsrq81!19sChIJ1zdz2_TXwoARGzmylNVv6zI?authuser=0&hl=en&rclk=1","
+1 714-439-9556",https://www.beachplumbingservices.com/,False,,,,,{}
Highsmith & Daughters Plumbing Inc,"5.0
(80)","
448 S 5th Ave, La Puente, CA 91746, United States",https://www.google.com/maps/place/Highsmith+%26+Daughters+Plumbing+Inc/data=!4m7!3m6!1s0x80e828d2663f4a85:0x4801a86d4fe39c3f!8m2!3d34.3087879!4d-118.701113!16s%2Fg%2F11c3yw29v8!19sChIJhUo_ZtIo6IARP5zjT22oAUg?authuser=0&hl=en&rclk=1,"
+1 562-631-3456",https://jerezplumbing.com/?utm_source=google&utm_medium=search_engine&utm_campaign=gmb,False,https://jerezplumbing.com/contact,,,,"{""address"": ""448 S 5th Ave, La Puente, CA 91746, United States""}"
PDS Plumbing and Air,"5.0
(860)","
1063 Brookhaven Dr #101, Clovis, CA 93612, United States",https://www.google.com/maps/place/PDS+Plumbing+and+Air/data=!4m7!3m6!1s0x8094672984611b47:0x6f0beb0bc04dc5c6!8m2!3d36.816796!4d-119.6973616!16s%2Fg%2F11jg9nyskd!19sChIJRxthhClnlIARxsVNwAvrC28?authuser=0&hl=en&rclk=1,"
+1 559-900-2737",http://pdsplumbingandair.com/?utm_source=google&utm_medium=wix_google_business_profile&utm_campaign=2251387325531499966,False,,,,,{}
Valencia's Plumbing,"4.8
(480)","
1063 Brookhaven Dr #101, Clovis, CA 93612, United States",https://www.google.com/maps/place/Valencia%27s+Plumbing/data=!4m7!3m6!1s0x80c2c984f238c1f3:0xf966c99ab7046ae!8m2!3d33.9584001!4d-118.2445001!16s%2Fg%2F11jnq3hy9_!19sChIJ88E48oTJwoARrkZwq5lslg8?authuser=0&hl=en&rclk=1,"
+1 559-900-2737",http://pdsplumbingandair.com/?utm_source=google&utm_medium=wix_google_business_profile&utm_campaign=2251387325531499966,False,,,,,{}
Pacific Coast Plumbing,"4.9
(108)","
1639 E 87th Pl, Los Angeles, CA 90002, United States",https://www.google.com/maps/place/Pacific+Coast+Plumbing/data=!4m7!3m6!1s0xaf801bf6b6bba6bf:0x70169c9474ce2d4f!8m2!3d34.6058887!4d-118.1879001!16s%2Fg%2F11sczxrjmq!19sChIJv6a7tvYbgK8RTy3OdJScFnA?authuser=0&hl=en&rclk=1,"
+1 323-489-9276",http://www.valenciasplumbingservices.com/,False,,,,,{}
Super Brothers Plumbing Heating & Air,"5.0
(47)","
3201 Angeleno Pl, Palmdale, CA 93551, United States",https://www.google.com/maps/place/Super+Brothers+Plumbing+Heating+%26+Air/data=!4m7!3m6!1s0x809adf54996c58eb:0xb3c73f54f279c456!8m2!3d38.701664!4d-121.291425!16s%2Fg%2F1pv0ns598!19sChIJ61hsmVTfmoARVsR58lQ_x7M?authuser=0&hl=en&rclk=1,"
+1 661-210-3825",https://www.pacificcoast.plumbing/,False,https://www.pacificcoast.plumbing/contact,,,,"{""address"": ""Palmdale, CA 93550"", ""social_media"": {}}"
Bakersfield Plumbing Company,"4.9
(258)","
7475 Kanai Ave, Citrus Heights, CA 95621, United States",https://www.google.com/maps/place/Bakersfield+Plumbing+Company/data=!4m7!3m6!1s0x80ea404b66369667:0xf867e7a8912e686e!8m2!3d35.3124724!4d-119.0541049!16s%2Fg%2F1tdcm8d4!19sChIJZ5Y2ZktA6oARbmgukajnZ_g?authuser=0&hl=en&rclk=1,"
+1 916-249-1822",https://superbrothers.com/?utm_campaign=gmb,False,https://superbrothers.com/contact-us,,,,"{""address"": """", ""social_media"": {""linkedin"": ""https://linkedin.com/company/example""}}"
Pacific Standard Plumbing,"4.8
(274)","
4625 District Blvd, Bakersfield, CA 93313, United States",https://www.google.com/maps/place/Pacific+Standard+Plumbing/data=!4m7!3m6!1s0xa6d6577d4bd59429:0x4e691be9aac72cb8!8m2!3d33.6824146!4d-117.834914!16s%2Fg%2F11vq_kjxgn!19sChIJKZTVS31X1qYRuCzHqukbaU4?authuser=0&hl=en&rclk=1,"
+1 661-382-3517",http://www.bakersfieldplumbingco.com/,False,http://www.bakersfieldplumbingco.com/contact,,,,"{""address"": ""4625 District Boulevard"", ""social_media"": {""facebook"": ""Facebook"", ""instagram"": ""Instagram"", ""yelp"": ""Yelp""}}"
Pacific Plumbing of Southern California,"5.0
(34)",,https://www.google.com/maps/place/Pacific+Plumbing+of+Southern+California/data=!4m7!3m6!1s0x80dcdd4fffffffff:0x9a754f300286f8c5!8m2!3d33.7558971!4d-117.8613782!16s%2Fg%2F1263jnjhf!19sChIJ_____0_d3IARxfiGAjBPdZo?authuser=0&hl=en&rclk=1,"
+1 949-284-6652",http://thepacstandard.com/,False,http://thepacstandard.com/contact,,,,"{""address"": ""2470 Stearns St #165 Simi Valley, CA 93063"", ""social_media"": {}}"
Major League Plumbing,"5.0
(34)",,https://www.google.com/maps/place/Major+League+Plumbing/data=!4m7!3m6!1s0x694119dc312d2431:0x2a6115231357bd7d!8m2!3d35.360644!4d-119.703207!16s%2Fg%2F11rhc95kd4!19sChIJMSQtMdwZQWkRfb1XEyMVYSo?authuser=0&hl=en&rclk=1,"
+1 562-380-8566",https://mlplumbing.net/,False,https://mlplumbing.net/contact,,,,"{""address"": """", ""social_media"": {""facebook"": ""https://facebook.com/exampleco"", ""twitter"": ""https://twitter.com/exampleco"", ""youtube"": ""https://youtube.com/exampleco""}}"
Goode Plumbing,"4.9
(139)","
1044 San Jose Ave Ste 102, Clovis, CA 93612, United States",https://www.google.com/maps/place/Goode+Plumbing/data=!4m7!3m6!1s0x80945b878ada42bd:0xa36ef8679007718e!8m2!3d36.8118362!4d-119.6962587!16s%2Fg%2F11clszd8f2!19sChIJvULaiodblIARjnEHkGf4bqM?authuser=0&hl=en&rclk=1,"
+1 559-451-1887",https://goodeplumbingca.com/,False,https://goodeplumbingca.com/contact,,,,"{""address"": ""1044 San Jose Ave, Suite #102, Clovis, CA 93612"", ""social_media"": {}}"
Sage Plumbers,"4.9
(87)","
1044 San Jose Ave Ste 102, Clovis, CA 93612, United States",https://www.google.com/maps/place/Sage+Plumbers/data=!4m7!3m6!1s0x80dcc3fec59f35bf:0x803ea6cd45bdf859!8m2!3d33.6200695!4d-117.770383!16s%2Fg%2F11gk8r0h2d!19sChIJvzWfxf7D3IARWfi9Rc2mPoA?authuser=0&hl=en&rclk=1,"
+1 559-451-1887",https://goodeplumbingca.com/,False,https://goodeplumbingca.com/contact,,,,"{""address"": ""1044 San Jose Ave, Suite #102, Clovis, CA 93612"", ""social_media"": {}}"
JD Plumbing,"4.9
(41)",,https://www.google.com/maps/place/JD+Plumbing/data=!4m7!3m6!1s0xac9be905aff0eb61:0x292e8a09f883515d!8m2!3d36.0669145!4d-119.0166311!16s%2Fg%2F11kbx3tyl0!19sChIJYevwrwXpm6wRXVGD-AmKLik?authuser=0&hl=en&rclk=1,"
+1 949-207-3199",https://sageplumbers.com/?utm_source=GMB&utm_medium=organic&utm_campaign=lakeforest,False,https://sageplumbers.com/contact,,,,"{""address"": ""26632 Towne Centre Drive Suite 300 Foothill Ranch, CA 92610"", ""social_media"": {}}"
SoCal Plumbing & Rooter Inc.,"4.9
(41)","
420 W Lambert Rd suite f, Brea, CA 92821, United States",https://www.google.com/maps/place/SoCal+Plumbing+%26+Rooter+Inc./data=!4m7!3m6!1s0x80dcd514d339dc79:0x142068fb23d3554!8m2!3d33.92379!4d-117.901418!16s%2Fg%2F11fzs3jsq2!19sChIJedw50xTV3IARVDU9so8GQgE?authuser=0&hl=en&rclk=1,"
+1 714-482-3982",https://scalplumbing.com/brea/,False,https://scalplumbing.com/brea/contact,,,,"{""address"": ""420 W Lambert Suite F Brea, CA 92821"", ""social_media"": {}}"
Plumbing Buddies,"5.0
(97)","
420 W Lambert Rd suite f, Brea, CA 92821, United States",https://www.google.com/maps/place/Plumbing+Buddies/data=!4m7!3m6!1s0x80c327f78f475741:0x73889e01e9479656!8m2!3d34.1425685!4d-117.8419476!16s%2Fg%2F11s_sr_g_t!19sChIJQVdHj_cnw4ARVpZH6QGeiHM?authuser=0&hl=en&rclk=1,"
+1 714-482-3982",https://scalplumbing.com/brea/,False,https://scalplumbing.com/brea/contact,,,"Joseph, Paul, Johnny","{""address"": ""420 W Lambert Suite F, Brea, CA 92821"", ""social_media"": {}}"
Landmark Plumbing Inc,"5.0
(254)","
741 Parcel St, Monterey, CA 93940, United States",https://www.google.com/maps/place/Landmark+Plumbing+Inc/data=!4m7!3m6!1s0x808de6b032052559:0xfdadbc8c1bfe1db8!8m2!3d36.6091552!4d-121.9139525!16s%2Fg%2F11fxz994_t!19sChIJWSUFMrDmjYARuB3-G4y8rf0?authuser=0&hl=en&rclk=1,"
+1 831-318-4886",https://www.landmarkplumbingmontereybay.com/,False,https://www.landmarkplumbingmontereybay.com/contact,,,,"{""address"": ""741 Parcel St, Monterey, CA 93940"", ""social_media"": {}}"
A1 Best Plumbing - Emergency Plumber Long Beach CA,"5.0
(147)","
741 Parcel St, Monterey, CA 93940, United States",https://www.google.com/maps/place/A1+Best+Plumbing+-+Emergency+Plumber+Long+Beach+CA/data=!4m7!3m6!1s0x80dd33d968fbc59f:0x868da4b98d9bc24c!8m2!3d33.802069!4d-118.1749551!16s%2Fg%2F11gdmc6zvs!19sChIJn8X7aNkz3YARTMKbjbmkjYY?authuser=0&hl=en&rclk=1,"
+1 831-318-4886",https://www.landmarkplumbingmontereybay.com/,False,https://www.landmarkplumbingmontereybay.com/contact,,,,"{""address"": ""741 Parcel St, Monterey, CA 93940"", ""social_media"": {}}"
Clovis Plumbing Services,"5.0
(147)","
741 Parcel St, Monterey, CA 93940, United States",https://www.google.com/maps/place/Clovis+Plumbing+Services/data=!4m7!3m6!1s0x80945adc1ae6acbd:0xef5cceabd65966a3!8m2!3d36.7950364!4d-119.7318334!16s%2Fg%2F12qg3xjdl!19sChIJvazmGtxalIARo2ZZ1qvOXO8?authuser=0&hl=en&rclk=1,"
+1 831-318-4886",https://www.landmarkplumbingmontereybay.com/,False,https://www.landmarkplumbingmontereybay.com/contact,,,,"{""address"": ""741 Parcel St, Monterey, CA 93940"", ""social_media"": {}}"
Local Plumbing,"5.0
(62)",,https://www.google.com/maps/place/Local+Plumbing/data=!4m7!3m6!1s0x605c1bb0d7beeeb3:0x1c42293fa1c6872b!8m2!3d37.8588825!4d-122.4849122!16s%2Fg%2F11s2psxtxp!19sChIJs-6-17AbXGARK4fGoT8pQhw?authuser=0&hl=en&rclk=1,"
+1 559-940-0890",https://clovisplumbingservices.com/,False,https://clovisplumbingservices.com/contact,,,,{}
All Valley Plumbing Service Inc.,"5.0
(62)","
15003 Minnehaha St, Mission Hills, CA 91345, United States",https://www.google.com/maps/place/All+Valley+Plumbing+Service+Inc./data=!4m7!3m6!1s0x80c2917f2277fc89:0xafd83c3d202e88bc!8m2!3d34.260265!4d-118.4588287!16s%2Fg%2F11lq4khj65!19sChIJifx3In-RwoARvIguID082K8?authuser=0&hl=en&rclk=1,"
+1 818-403-3371",https://www.avps.net/,False,,,,,{}
"Lee's Air, Plumbing, & Heating","5.0
(43)","
15003 Minnehaha St, Mission Hills, CA 91345, United States","https://www.google.com/maps/place/Lee%27s+Air,+Plumbing,+%26+Heating/data=!4m7!3m6!1s0x80946f511471f3a9:0x7ee5494a56bea370!8m2!3d36.8135824!4d-119.8882747!16s%2Fg%2F1tf_t34g!19sChIJqfNxFFFvlIARcKO-VkpJ5X4?authuser=0&hl=en&rclk=1","
+1 818-403-3371",https://www.avps.net/,False,,,,,{}
Valley Plumbing,"4.8
(3,370)","
5456 W Mission Ave, Fresno, CA 93722, United States",https://www.google.com/maps/place/Valley+Plumbing/data=!4m7!3m6!1s0x80c297dc53be016d:0xd7d52952cee08668!8m2!3d34.2071473!4d-118.4180031!16s%2Fg%2F11sv2hvths!19sChIJbQG-U9yXwoARaIbgzlIp1dc?authuser=0&hl=en&rclk=1,"
+1 559-423-0101",https://leesair.com/,False,,,,,{}
Shields Plumbing,"4.9
(169)","
13074 Saticoy St, North Hollywood, CA 91605, United States",https://www.google.com/maps/place/Shields+Plumbing/data=!4m7!3m6!1s0x809adf11bd3911a7:0xd1e26a78587d1a80!8m2!3d38.6765899!4d-121.3248562!16s%2Fg%2F11fwblw33d!19sChIJpxE5vRHfmoARgBp9WHhq4tE?authuser=0&hl=en&rclk=1,"
+1 818-436-6398",https://www.valley-plumbing.com/,False,https://www.valley-plumbing.com/contact,,,,"{""address"": """", ""social_media"": {}}"
The Plumbing Co.,"4.9
(169)","
13074 Saticoy St, North Hollywood, CA 91605, United States",https://www.google.com/maps/place/The+Plumbing+Co./data=!4m7!3m6!1s0x269c3656f1481c35:0x35629c1deb073fb0!8m2!3d33.786671!4d-116.693335!16s%2Fg%2F11ks6chl78!19sChIJNRxI8VY2nCYRsD8H6x2cYjU?authuser=0&hl=en&rclk=1,"
+1 818-436-6398",https://www.valley-plumbing.com/,False,https://www.valley-plumbing.com/contact,,,,"{""address"": ""13074 Saticoy St. North Hollywood, CA 91605"", ""social_media"": {}}"
Bigbear plumbing dba,"5.0
(24)","
850 Perrelli St, Gilroy, CA 95020, United States",https://www.google.com/maps/place/Bigbear+plumbing+dba/data=!4m7!3m6!1s0x809207b45b972883:0x39334cb6e4b66f6f!8m2!3d37.004611!4d-121.583107!16s%2Fg%2F11tjfghvnq!19sChIJgyiXW7QHkoARb2-25LZMMzk?authuser=0&hl=en&rclk=1,"
+1 408-722-5398",http://www.bigbear-plumbing.com/,False,,,,,{}
RLC Plumbing - Residential and Commercial Plumbers - 24 hour,"4.9
(48)","
850 Perrelli St, Gilroy, CA 95020, United States",https://www.google.com/maps/place/RLC+Plumbing+-+Residential+and+Commercial+Plumbers+-+24+hour/data=!4m7!3m6!1s0x80db44c929523cdb:0xea1b25e390c69432!8m2!3d33.8743316!4d-116.9753479!16s%2Fg%2F11cknwjqb0!19sChIJ2zxSKclE24ARMpTGkOMlG-o?authuser=0&hl=en&rclk=1,"
+1 408-722-5398",http://www.bigbear-plumbing.com/,False,,,,,{}
Art of Plumbing,"4.8
(49)",,https://www.google.com/maps/place/Art+of+Plumbing/data=!4m7!3m6!1s0x8095286555555555:0x457cc17e76602748!8m2!3d36.6872084!4d-119.449746!16s%2Fg%2F1wk7r2x4!19sChIJVVVVVWUolYARSCdgdn7BfEU?authuser=0&hl=en&rclk=1,"
+1 909-724-4450",https://rlc-plumbing.com/,False,https://rlc-plumbing.com/contact,,,,"{""address"": ""Beaumont, CA"", ""social_media"": {""facebook"": ""https://www.facebook.com/RLC-Plumbing-1234567890"", ""instagram"": ""https://www.instagram.com/rlcplumbing""}}"
A-1 Allstar Plumbing,"4.8
(49)","
224 E 4th St, Hanford, CA 93230, United States",https://www.google.com/maps/place/A-1+Allstar+Plumbing/data=!4m7!3m6!1s0x8094c381cd55474b:0xdce7e484aa9d2744!8m2!3d36.3242088!4d-119.6424378!16s%2Fg%2F1tj2j45d!19sChIJS0dVzYHDlIARRCedqoTk59w?authuser=0&hl=en&rclk=1,"
+1 559-206-6172",https://www.a-1allstarplumbing.com/,False,,,,,{}
Bud's Plumbing,"4.7
(215)","
224 E 4th St, Hanford, CA 93230, United States",https://www.google.com/maps/place/Bud%27s+Plumbing/data=!4m7!3m6!1s0x809adcd516cf8249:0x36be6963282fc6c6!8m2!3d38.5851004!4d-121.26281!16s%2Fg%2F1tdmq9dt!19sChIJSYLPFtXcmoARxsYvKGNpvjY?authuser=0&hl=en&rclk=1,"
+1 559-206-6172",https://www.a-1allstarplumbing.com/,False,,,,,{}
J's Plumbing,"4.7
(215)","
224 E 4th St, Hanford, CA 93230, United States",https://www.google.com/maps/place/J%27s+Plumbing/data=!4m7!3m6!1s0xa56b1a441b32c72b:0x2e90e9e37b98dfbb!8m2!3d35.8960305!4d-119.2318426!16s%2Fg%2F11sh22zwmv!19sChIJK8cyG0Qaa6URu9-Ye-PpkC4?authuser=0&hl=en&rclk=1,"
+1 559-206-6172",https://www.a-1allstarplumbing.com/,False,,,,,{}
Contractor Response Plumbing experienced and licensed professionals,"5.0
(66)","
14519 Wadkins Ave, Gardena, CA 90249, United States",https://www.google.com/maps/place/Contractor+Response+Plumbing+experienced+and+licensed+professionals/data=!4m7!3m6!1s0x48c47c1ed6661021:0x2a6ac0879bdba1c2!8m2!3d33.8992838!4d-118.3256248!16s%2Fg%2F11qbcww8n0!19sChIJIRBm1h58xEgRwqHbm4fAaio?authuser=0&hl=en&rclk=1,"
+1 818-731-5290",http://contractorresponseplumbing.com/,False,,,,,{}
Kirman Plumbing Company,"4.9
(108)","
14519 Wadkins Ave, Gardena, CA 90249, United States",https://www.google.com/maps/place/Kirman+Plumbing+Company/data=!4m7!3m6!1s0x80c2c62f008df9c9:0x800a36bf534d27f3!8m2!3d33.8896503!4d-118.2752737!16s%2Fg%2F11dxl6_gx6!19sChIJyfmNAC_GwoAR8ydNU782CoA?authuser=0&hl=en&rclk=1,"
+1 818-731-5290",http://contractorresponseplumbing.com/,False,,,,,{}
