Title,Rating,Address,Directions,Contact,Web Link
California Medical Pharmacy,"3.8
(30)","
2201 W Temple St, Los Angeles, CA 90026, United States",https://www.google.com/maps/place/California+Medical+Pharmacy/data=!4m7!3m6!1s0x80c2c70e0e44881f:0x4509bd1c8037fae!8m2!3d34.070931!4d-118.2696201!16s%2Fg%2F1tcw3wys!19sChIJH4hEDg7HwoARrn8DyNGbUAQ?authuser=0&hl=en&rclk=1,"
+1 213-413-2343",
California Specialty Pharmacy,"3.8
(30)",,https://www.google.com/maps/place/California+Specialty+Pharmacy/data=!4m7!3m6!1s0x80c2d39916e651e3:0xdf0f0ab4eb3f18cd!8m2!3d33.9824594!4d-118.0476266!16s%2Fg%2F1w04kcq6!19sChIJ41HmFpnTwoARzRg_67QKD98?authuser=0&hl=en&rclk=1,"
+1 562-698-6305",http://www.csprx.com/
Cal Oaks Pharmacy,"4.4
(81)","
55 E California Blvd # 103, Pasadena, CA 91105, United States",https://www.google.com/maps/place/Cal+Oaks+Pharmacy/data=!4m7!3m6!1s0x80c2c37ce9ae5507:0xf6792619dd241053!8m2!3d34.1359327!4d-118.149369!16s%2Fg%2F1td00rn7!19sChIJB1Wu6XzDwoARUxAk3RkmefY?authuser=0&hl=en&rclk=1,"
+1 626-795-5956",https://stores.healthmart.com/caloakspharmacy/stores.aspx
Golden State Pharmacy,"4.6
(47)","
1617 N California St #1f, Stockton, CA 95204, United States",https://www.google.com/maps/place/Golden+State+Pharmacy/data=!4m7!3m6!1s0x80900dc50f9f7ef1:0xcf0865bc99aab7ea!8m2!3d37.969597!4d-121.289969!16s%2Fg%2F11fj5s121r!19sChIJ8X6fD8UNkIAR6reqmbxlCM8?authuser=0&hl=en&rclk=1,"
+1 209-420-1720",
Selma Pharmacy,"4.9
(71)",,https://www.google.com/maps/place/Selma+Pharmacy/data=!4m7!3m6!1s0x8094f180f00c1b9d:0xc75c8037f5f774f6!8m2!3d36.5705347!4d-119.6134897!16s%2Fg%2F11k1ntj6bb!19sChIJnRsM8IDxlIAR9nT39TeAXMc?authuser=0&hl=en&rclk=1,"
+1 559-318-9646",http://www.selmapharmacy.com/
Pharmacy of the Desert,"4.9
(70)",,https://www.google.com/maps/place/Pharmacy+of+the+Desert/data=!4m7!3m6!1s0x80daf8ff84ccc3a9:0xcbe1e8282c25e244!8m2!3d33.7086806!4d-116.2784406!16s%2Fg%2F11cn9sb4rg!19sChIJqcPMhP_42oARROIlLCjo4cs?authuser=0&hl=en&rclk=1,"
+1 760-777-1115",http://www.pharmacyofthedesert.com/
Cal-Med Pharmacy,,"
1414 S Grand Ave, Los Angeles, CA 90015, United States",https://www.google.com/maps/place/Cal-Med+Pharmacy/data=!4m7!3m6!1s0x80c2c7c5e5b4d96f:0x4a5a36b083052398!8m2!3d34.0364573!4d-118.2653738!16s%2Fg%2F1txc7978!19sChIJb9m05cXHwoARmCMFg7A2Wko?authuser=0&hl=en&rclk=1,"
+1 213-746-4677",
CVS Pharmacy,"4.3
(4)",,https://www.google.com/maps/place/CVS+Pharmacy/data=!4m7!3m6!1s0x809940d0ddc53335:0x8424550f254f1065!8m2!3d39.5151762!4d-119.8280865!16s%2Fg%2F11c463qg3x!19sChIJNTPF3dBAmYARZRBPJQ9VJIQ?authuser=0&hl=en&rclk=1,"
+1 775-323-0701",https://www.cvs.com/store-locator/reno-nv-pharmacies/1119-california-ave-reno-nv-89509/storeid=9168?WT.mc_id=LS_GOOGLE_RX_9168
CalOaks 3 Pharmacy,"3.4
(18)",,https://www.google.com/maps/place/CalOaks+3+Pharmacy/data=!4m7!3m6!1s0x80c2db350a29976f:0x67f3bfd728a317bd!8m2!3d34.1202909!4d-118.1095257!16s%2Fg%2F1q4km1fcz!19sChIJb5cpCjXbwoARvRejKNe_82c?authuser=0&hl=en&rclk=1,"
+1 626-382-2580",https://stores.healthmart.com/caloaksiiihmpharmacy/stores.aspx
Cajon Pharmacy,"4.7
(21)",,https://www.google.com/maps/place/Cajon+Pharmacy/data=!4m7!3m6!1s0x80dcaa0ee7695561:0x9c5306cd3e438209!8m2!3d34.0525223!4d-117.1808697!16s%2Fg%2F1hhh0yw7z!19sChIJYVVp5w6q3IARCYJDPs0GU5w?authuser=0&hl=en&rclk=1,"
+1 909-792-4922",https://stores.healthmart.com/cajonpharmacy/stores.aspx
CVS Pharmacy,"5.0
(75)","
232 Cajon St, Redlands, CA 92373, United States",https://www.google.com/maps/place/CVS+Pharmacy/data=!4m7!3m6!1s0x808fb7337e732ed3:0x16fa9c16cce5a989!8m2!3d37.392128!4d-122.080999!16s%2Fg%2F119wn4m_7!19sChIJ0y5zfjO3j4ARianlzBac-hY?authuser=0&hl=en&rclk=1,"
+1 650-691-4004",https://www.cvs.com/store-locator/mountain-view-ca-pharmacies/850-california-st-mountain-view-ca-94041/storeid=7774?WT.mc_id=LS_GOOGLE_RX_7774
Go To Pharmacy RX,"2.5
(28)",,https://www.google.com/maps/place/Go+To+Pharmacy+RX/data=!4m7!3m6!1s0x80c29736d5180da9:0x68e6239d7bc774!8m2!3d34.1791899!4d-118.3972003!16s%2Fg%2F11fphksc1y!19sChIJqQ0Y1TaXwoARdMd7nSPmaAA?authuser=0&hl=en&rclk=1,"
+1 818-850-7010",https://gotopharmacy.co/
My Pharmacist On Call,"5.0
(5)","
5961 Laurel Canyon Blvd #2, North Hollywood, CA 91607, United States",https://www.google.com/maps/place/My+Pharmacist+On+Call/data=!4m7!3m6!1s0x80c2cf4dfe9f0dc5:0x68d3b6d1f329e41e!8m2!3d34.0271986!4d-118.200295!16s%2Fg%2F11btwqp1dr!19sChIJxQ2f_k3PwoARHuQp89G202g?authuser=0&hl=en&rclk=1,"
+1 323-263-8617",
Central Avenue Pharmacy,"4.9
(228)",,https://www.google.com/maps/place/Central+Avenue+Pharmacy/data=!4m7!3m6!1s0x80c2c0522e2d651f:0x138daa97e62c67db!8m2!3d34.1500647!4d-118.2561444!16s%2Fg%2F1tyzz7sn!19sChIJH2UtLlLAwoAR22cs5peqjRM?authuser=0&hl=en&rclk=1,"
+1 818-242-8838",
Garfield Prescription Pharmacy,"4.7
(49)","
4700 Panama Ln #116, Bakersfield, CA 93313, United States",https://www.google.com/maps/place/Garfield+Prescription+Pharmacy/data=!4m7!3m6!1s0x80c2b82eb74c910f:0x1e05fefbb37499f8!8m2!3d34.0089344!4d-118.3391709!16s%2Fg%2F1tkbyg_c!19sChIJD5FMty64woAR-Jl0s_v-BR4?authuser=0&hl=en&rclk=1,"
+1 323-295-5585",
Walgreens Pharmacy,"4.0
(16)","
3756 Santa Rosalia Dr, Los Angeles, CA 90008, United States",https://www.google.com/maps/place/Walgreens+Pharmacy/data=!4m7!3m6!1s0x80858731465e419d:0x66adc247a1052bc1!8m2!3d37.7862875!4d-122.4535204!16s%2Fg%2F11gcdqjx_s!19sChIJnUFeRjGHhYARwSsFoUfCrWY?authuser=0&hl=en&rclk=1,"
+1 415-668-5202",https://www.walgreens.com/locator/walgreens-3601+california+st-san+francisco-ca-94118/id=896
Valley Pharmacy,"1.8
(16)","
3601 California St, San Francisco, CA 94118, United States",https://www.google.com/maps/place/Valley+Pharmacy/data=!4m7!3m6!1s0x80eab903c3d5d201:0x51633716b96ad914!8m2!3d36.0700472!4d-119.0294889!16s%2Fg%2F11hyzyxrnk!19sChIJAdLVwwO56oARFNlquRY3Y1E?authuser=0&hl=en&rclk=1,"
+1 559-854-7500",https://www.mygnp.com/pharmacies/valley-pharmacy-porterville-ca-93257/
Barnes Arcata Family Drug,"4.1
(793)","
3157 Corporate Pl, Hayward, CA 94545, United States",https://www.google.com/maps/place/Barnes+Arcata+Family+Drug/data=!4m7!3m6!1s0x54d1570e4ef5fee9:0x849477e75081ecd9!8m2!3d40.870181!4d-124.0850344!16s%2Fg%2F1vzv3d7z!19sChIJ6f71Tg5X0VQR2eyBUOd3lIQ?authuser=0&hl=en&rclk=1,"
+1 877-554-4797",http://barnes-drug.jany.io/
Gonzales Rx Pharmacy,"4.6
(48)","
1080 G St, Arcata, CA 95521, United States",https://www.google.com/maps/place/Gonzales+Rx+Pharmacy/data=!4m7!3m6!1s0x80926d5f3546d211:0xb9c6930ac7c6dc7e!8m2!3d36.5066701!4d-121.4443179!16s%2Fg%2F1thd2117!19sChIJEdJGNV9tkoARftzGxwqTxrk?authuser=0&hl=en&rclk=1,"
+1 707-822-2496",https://www.mygnp.com/pharmacies/gonzales-rx-pharmacy-gonzales-ca-93926-0808/?utm_source=google&utm_medium=local&utm_campaign=localmaps&utm_content=550221
Sierra Vista Pharmacy,"3.1
(19)","
18 4th St, Gonzales, CA 93926, United States",https://www.google.com/maps/place/Sierra+Vista+Pharmacy/data=!4m7!3m6!1s0x809531487d56e161:0xc731599f9e8c4bdf!8m2!3d36.2980359!4d-119.2013601!16s%2Fg%2F1tdgq1vr!19sChIJYeFWfUgxlYAR30uMnp9ZMcc?authuser=0&hl=en&rclk=1,"
+1 831-675-3643",https://www.facebook.com/search/top?q=sierra%20vista%20pharmacy
Vons Pharmacy,"4.4
(27)","
650 E Visalia Rd, Farmersville, CA 93223, United States",https://www.google.com/maps/place/Vons+Pharmacy/data=!4m7!3m6!1s0x80db7fb5cf0ef7d9:0xcd28ce168a73a9df!8m2!3d33.5052317!4d-117.1479738!16s%2Fg%2F1w665q1g!19sChIJ2fcOz7V_24AR36lzihbOKM0?authuser=0&hl=en&rclk=1,"
+1 559-594-8602",https://local.pharmacy.vons.com/ca/temecula/29530-rancho-california-rd.html
Campus Pharmacy,"4.4
(8)","
29530 Rancho California Rd, Temecula, CA 92591, United States",https://www.google.com/maps/place/Campus+Pharmacy/data=!4m7!3m6!1s0x80c2bc84245df99f:0xcc8aa991288d2df1!8m2!3d34.0656384!4d-118.445874!16s%2Fg%2F11hd9ndpkp!19sChIJn_ldJIS8woAR8S2NKJGpisw?authuser=0&hl=en&rclk=1,"
+1 951-695-7273",https://www.mygnp.com/pharmacies/campus-pharmacy-los-angeles-ca-90024/?utm_source=google&utm_medium=local&utm_campaign=localmaps&utm_content=519201
MedEx Pharmacy,"4.2
(18)","
100 Medical Plaza STE 150, Los Angeles, CA 90024, United States",https://www.google.com/maps/place/MedEx+Pharmacy/data=!4m7!3m6!1s0x8094c39017e06ae3:0x3c63cc625ffc195e!8m2!3d36.3274667!4d-119.6629431!16s%2Fg%2F11b_3g90z3!19sChIJ42rgF5DDlIARXhn8X2LMYzw?authuser=0&hl=en&rclk=1,"
+1 310-208-2340",https://www.mygnp.com/pharmacies/campus-pharmacy-los-angeles-ca-90024/?utm_source=google&utm_medium=local&utm_campaign=localmaps&utm_content=519201
Healthcare Pharmacy - Compounding Pharmacy,"4.5
(109)","
365 Campus Dr, Hanford, CA 93230, United States",https://www.google.com/maps/place/Healthcare+Pharmacy+-+Compounding+Pharmacy/data=!4m7!3m6!1s0x80dcdbe2f4f12c89:0x89553d1132f94b2d!8m2!3d33.730117!4d-117.828487!16s%2Fg%2F119t7qlkq!19sChIJiSzx9OLb3IARLUv5MhE9VYk?authuser=0&hl=en&rclk=1,"
+1 559-583-1480",http://www.healthcarepharmtustin.com/
LA Compounding Pharmacy,"4.1
(16)","
14642 Newport Ave, Tustin, CA 92780, United States",https://www.google.com/maps/place/LA+Compounding+Pharmacy/data=!4m7!3m6!1s0x80c2b94e01fae5f5:0x43ae09308dc4bc4c!8m2!3d34.0733861!4d-118.3798234!16s%2Fg%2F11lqydz2vs!19sChIJ9eX6AU65woARTLzEjTAJrkM?authuser=0&hl=en&rclk=1,"
+1 714-669-4000",http://www.healthcarepharmtustin.com/
Pill Box Pharmacy,"5.0
(267)","
8600 W 3rd St #1, Los Angeles, CA 90048, United States",https://www.google.com/maps/place/Pill+Box+Pharmacy/data=!4m7!3m6!1s0x80945d83a167018f:0x120425b8b3f0748b!8m2!3d36.8118087!4d-119.772798!16s%2Fg%2F1tdg3gcv!19sChIJjwFnoYNdlIARi3Tws7glBBI?authuser=0&hl=en&rclk=1,"
+1 310-362-4122",https://lacompounding.com/
CarePlus Drugs Pharmacy,"4.3
(23)","
5187 N First St Suite 101, Fresno, CA 93710, United States",https://www.google.com/maps/place/CarePlus+Drugs+Pharmacy/data=!4m7!3m6!1s0x80946746b8405423:0xd9389b1de660bde2!8m2!3d36.8075277!4d-119.8666495!16s%2Fg%2F11fjytmwnj!19sChIJI1RAuEZnlIAR4r1g5h2bONk?authuser=0&hl=en&rclk=1,"
+1 559-492-2162",http://pill-box-pharmacy-fresno.yeeq.io/
Primary Care Pharmacy,"5.0
(24)","
4177 W Shaw Ave ste 109, Fresno, CA 93722, United States",https://www.google.com/maps/place/Primary+Care+Pharmacy/data=!4m7!3m6!1s0x80945f2958b873cd:0x2ace116f4db87f73!8m2!3d36.7362861!4d-119.7021373!16s%2Fg%2F11b6_pkgs8!19sChIJzXO4WClflIARc3-4TW8Rzio?authuser=0&hl=en&rclk=1,"
+1 559-385-7413",
CLINICA PHARMACY,"5.0
(24)","
4177 W Shaw Ave ste 109, Fresno, CA 93722, United States",https://www.google.com/maps/place/CLINICA+PHARMACY/data=!4m7!3m6!1s0x80eae577d9516055:0xf1e363a9a24dd049!8m2!3d35.7543596!4d-119.2498483!16s%2Fg%2F11q8x2w466!19sChIJVWBR2Xfl6oARSdBNoqlj4_E?authuser=0&hl=en&rclk=1,"
+1 559-385-7413",
Prxp Of Ca Llc,"4.5
(17)","
355 Dover Pkwy suite c, Delano, CA 93215, United States",https://www.google.com/maps/place/Prxp+Of+Ca+Llc/data=!4m7!3m6!1s0x80c3356763ea11f1:0xb193ff2449c391b3!8m2!3d34.0522019!4d-117.556326!16s%2Fg%2F11p46_w6_g!19sChIJ8RHqY2c1w4ARs5HDSST_k7E?authuser=0&hl=en&rclk=1,"
+1 661-545-2500",
Rite Aid Pharmacy,"5.0
(1)","
4345 E Lowell St, Ontario, CA 91761, United States",https://www.google.com/maps/place/Rite+Aid+Pharmacy/data=!4m7!3m6!1s0x80905961896072cb:0x98176751fae25461!8m2!3d37.796999!4d-120.9919036!16s%2Fg%2F1tj4h8w4!19sChIJy3JgiWFZkIARYVTi-lFnF5g?authuser=0&hl=en&rclk=1,"
+1 760-326-2312",https://www.riteaid.com/locations/ca/escalon/1710-california-street.html
CVS Pharmacy,"4.3
(39)","
1710 California St, Escalon, CA 95320, United States",https://www.google.com/maps/place/CVS+Pharmacy/data=!4m7!3m6!1s0x808de4925f323419:0x5f9c1e2810da5dc2!8m2!3d36.6211304!4d-121.8430953!16s%2Fg%2F1tfg39ps!19sChIJGTQyX5LkjYARwl3aECgenF8?authuser=0&hl=en&rclk=1,"
+1 209-838-3524",https://www.riteaid.com/locations/ca/escalon/1710-california-street.html
California Pharmacists Association,"4.8
(11)","
2040 California Ave, Sand City, CA 93955, United States",https://www.google.com/maps/place/California+Pharmacists+Association/data=!4m7!3m6!1s0x809ad7b557e4952d:0x5abd9193e2c83339!8m2!3d38.6427116!4d-121.4906234!16s%2Fg%2F1vqth0vv!19sChIJLZXkV7XXmoAROTPI4pORvVo?authuser=0&hl=en&rclk=1,"
+1 831-583-9110",https://www.cvs.com/store-locator/sand-city-ca-pharmacies/2040-california-ave-sand-city-ca-93955/storeid=16447?WT.mc_id=LS_GOOGLE_RX_16447
Walmart Pharmacy,"4.5
(10)","
4030 Lennane Dr, Sacramento, CA 95834, United States",https://www.google.com/maps/place/Walmart+Pharmacy/data=!4m7!3m6!1s0x8084d08b5092cd49:0xf129048aa56f3061!8m2!3d38.6807842!4d-121.7879246!16s%2Fg%2F1pty2w4qb!19sChIJSc2SUIvQhIARYTBvpYoEKfE?authuser=0&hl=en&rclk=1,"
+1 916-779-1400",https://cpha.com/
CVS Pharmacy,"4.5
(10)","
4030 Lennane Dr, Sacramento, CA 95834, United States",https://www.google.com/maps/place/CVS+Pharmacy/data=!4m7!3m6!1s0x808561ebb00b4e63:0xf18006ca87ceed7d!8m2!3d37.8965708!4d-122.0644801!16s%2Fg%2F11c475cbvv!19sChIJY04LsOthhYARfe3Oh8oGgPE?authuser=0&hl=en&rclk=1,"
+1 916-779-1400",https://cpha.com/
St. Mary's Pharmacy,"4.5
(10)","
4030 Lennane Dr, Sacramento, CA 95834, United States",https://www.google.com/maps/place/St.+Mary%27s+Pharmacy/data=!4m7!3m6!1s0x80945d45dd5f3c15:0xae86261445870463!8m2!3d36.7793279!4d-119.7712199!16s%2Fg%2F11k53v_qd9!19sChIJFTxf3UVdlIARYwSHRRQmhq4?authuser=0&hl=en&rclk=1,"
+1 916-779-1400",https://cpha.com/
Precision Pharmacy,"4.0
(22)","
3150 E Shields Ave, Fresno, CA 93726, United States",https://www.google.com/maps/place/Precision+Pharmacy/data=!4m7!3m6!1s0x80ea420802aae0bd:0xfbbf36704beb2bc4!8m2!3d35.3065379!4d-119.0992385!16s%2Fg%2F1ptzhzz2z!19sChIJveCqAghC6oARxCvrS3A2v_s?authuser=0&hl=en&rclk=1,"
+1 559-223-9090",http://fresno.medicineshoppe.com/
Cherry Street Pharmacy,"4.0
(22)","
3150 E Shields Ave, Fresno, CA 93726, United States",https://www.google.com/maps/place/Cherry+Street+Pharmacy/data=!4m7!3m6!1s0x80952b920d6011bd:0xb25cc5c68dee1976!8m2!3d36.2229407!4d-119.338037!16s%2Fg%2F11g6_8ttb1!19sChIJvRFgDZIrlYARdhnujcbFXLI?authuser=0&hl=en&rclk=1,"
+1 559-223-9090",http://fresno.medicineshoppe.com/
Harbor Compounding Pharmacy,"4.0
(44)","
1053 N Cherry St, Tulare, CA 93274, United States",https://www.google.com/maps/place/Harbor+Compounding+Pharmacy/data=!4m7!3m6!1s0x80dcdf85cd25dded:0x5ef8f7a439531209!8m2!3d33.6987999!4d-117.9156836!16s%2Fg%2F1tcx1tyv!19sChIJ7d0lzYXf3IARCRJTOaT3-F4?authuser=0&hl=en&rclk=1,"
+1 559-234-2112",https://cherryrx.com/?utm_source=Google&utm_medium=organic&utm_campaign=GMB
Kaweah Health Pharmacy,"4.0
(44)","
1053 N Cherry St, Tulare, CA 93274, United States",https://www.google.com/maps/place/Kaweah+Health+Pharmacy/data=!4m7!3m6!1s0x80952f65a2b98549:0x689b6381cdb0a915!8m2!3d36.3285141!4d-119.2937443!16s%2Fg%2F11dfh3n8sz!19sChIJSYW5omUvlYARFamwzYFjm2g?authuser=0&hl=en&rclk=1,"
+1 559-234-2112",https://cherryrx.com/?utm_source=Google&utm_medium=organic&utm_campaign=GMB
Del's Pharmacy,"4.5
(31)","
202 W Willow Ave # 102, Visalia, CA 93291, United States",https://www.google.com/maps/place/Del%27s+Pharmacy/data=!4m7!3m6!1s0x80c335ebd414e5e9:0x378b2944e0d1d054!8m2!3d34.0806188!4d-117.5785863!16s%2Fg%2F1pp2vcc3s!19sChIJ6eUU1Os1w4ARVNDR4EQpizc?authuser=0&hl=en&rclk=1,"
+1 559-624-4880",https://www.kaweahhealth.org/locations/kaweah-health-pharmacy/
Pharmacy I Kaiser Permanente Manteca Medical Offices,"4.5
(31)","
202 W Willow Ave # 102, Visalia, CA 93291, United States",https://www.google.com/maps/place/Pharmacy+I+Kaiser+Permanente+Manteca+Medical+Offices/data=!4m7!3m6!1s0x8090406b6d60a919:0xeebd3333446dbb9f!8m2!3d37.7983734!4d-121.2442688!16s%2Fg%2F11bw5v4wrk!19sChIJGalgbWtAkIARn7ttRDMzve4?authuser=0&hl=en&rclk=1,"
+1 559-624-4880",https://www.kaweahhealth.org/locations/kaweah-health-pharmacy/
Delano Family Pharmacy,"4.0
(69)","
1721 W Yosemite Ave, Manteca, CA 95337, United States",https://www.google.com/maps/place/Delano+Family+Pharmacy/data=!4m7!3m6!1s0x80eae585ca7ecbef:0x1df9015cf6802f0e!8m2!3d35.7619763!4d-119.2385156!16s%2Fm%2F04g3q8r!19sChIJ78t-yoXl6oARDi-A9lwB-R0?authuser=0&hl=en&rclk=1,"
+1 209-824-5088",https://healthy.kaiserpermanente.org/northern-california/facilities/Manteca-Medical-Center-100356?utm_source=GMB_listing
Pacifica Compounding Pharmacy,"4.0
(69)","
1721 W Yosemite Ave, Manteca, CA 95337, United States",https://www.google.com/maps/place/Pacifica+Compounding+Pharmacy/data=!4m7!3m6!1s0x80dd4b1ddf857d53:0xb5f840c32cee58c9!8m2!3d33.8113182!4d-118.3473581!16s%2Fg%2F1tmk8tcf!19sChIJU32F3x1L3YARyVjuLMNA-LU?authuser=0&hl=en&rclk=1,"
+1 209-824-5088",https://healthy.kaiserpermanente.org/northern-california/facilities/Manteca-Medical-Center-100356?utm_source=GMB_listing
Playa Pharmacy,"4.9
(11)","
23560 Madison St UNIT 112, Torrance, CA 90505, United States",https://www.google.com/maps/place/Playa+Pharmacy/data=!4m7!3m6!1s0x80c2b08ab78007ed:0xc2b5fcb67f4d8036!8m2!3d33.9587322!4d-118.4386516!16s%2Fg%2F1tp08cky!19sChIJ7QeAt4qwwoARNoBNf7b8tcI?authuser=0&hl=en&rclk=1,"
+1 310-530-0831",http://www.pacificapharmacy.com/
Rancho Park Compounding Pharmacy,"4.9
(38)","
8131 W Manchester Ave, Playa Del Rey, CA 90293, United States",https://www.google.com/maps/place/Rancho+Park+Compounding+Pharmacy/data=!4m7!3m6!1s0x80c2bb95f77e65f3:0x4ce6babfdbb30c49!8m2!3d34.0438525!4d-118.4218707!16s%2Fg%2F1tgfdms0!19sChIJ82V-95W7woARSQyz27-65kw?authuser=0&hl=en&rclk=1,"
+1 310-823-4500",http://www.playapharmacy.com/
Vons Pharmacy,"4.9
(38)","
8131 W Manchester Ave, Playa Del Rey, CA 90293, United States",https://www.google.com/maps/place/Vons+Pharmacy/data=!4m7!3m6!1s0x809442e8fc55b17b:0x94ecd4961da98971!8m2!3d36.8648977!4d-119.758572!16s%2Fg%2F1pty6bw48!19sChIJe7FV_OhClIARcYmpHZbU7JQ?authuser=0&hl=en&rclk=1,"
+1 310-823-4500",http://www.playapharmacy.com/
Avita Pharmacy 1018,"3.8
(13)","
8949 N Cedar Ave, Fresno, CA 93720, United States",https://www.google.com/maps/place/Avita+Pharmacy+1018/data=!4m7!3m6!1s0x8094616932eb016b:0xdcd75137e2fdc378!8m2!3d36.7010093!4d-119.7912314!16s%2Fg%2F11q41px79g!19sChIJawHrMmlhlIAReMP94jdR19w?authuser=0&hl=en&rclk=1,"
+1 559-438-1356",https://local.pharmacy.vons.com/ca/fresno/8949-n-cedar-ave.html
CVS Pharmacy,"3.8
(13)","
8949 N Cedar Ave, Fresno, CA 93720, United States",https://www.google.com/maps/place/CVS+Pharmacy/data=!4m7!3m6!1s0x8094c3833d89b825:0xd898ee7a201c71b5!8m2!3d36.3288744!4d-119.6545659!16s%2Fg%2F11c46968fb!19sChIJJbiJPYPDlIARtXEcIHrumNg?authuser=0&hl=en&rclk=1,"
+1 559-438-1356",https://local.pharmacy.vons.com/ca/fresno/8949-n-cedar-ave.html
Pacific Medical Pharmacy #2,"3.9
(18)","
574 W Lacey Blvd, Hanford, CA 93230, United States",https://www.google.com/maps/place/Pacific+Medical+Pharmacy+%232/data=!4m7!3m6!1s0x80c2c1a9de770cd9:0xb6a98d235e4d0fb3!8m2!3d34.1497978!4d-118.2452218!16s%2Fg%2F11cltd4yp8!19sChIJ2Qx33qnBwoARsw9NXiONqbY?authuser=0&hl=en&rclk=1,"
+1 559-582-2875",https://www.cvs.com/store-locator/hanford-ca-pharmacies/574-w-lacey-blvd-hanford-ca-93230/storeid=9828?WT.mc_id=LS_GOOGLE_RX_9828
TOP Pharmacy,"4.3
(6)","
808 E California Ave, Glendale, CA 91206, United States",https://www.google.com/maps/place/TOP+Pharmacy/data=!4m7!3m6!1s0x80dd32e5c450311d:0xf8d1005df6fe5e63!8m2!3d33.8599534!4d-118.1492576!16s%2Fg%2F1tfb6wdy!19sChIJHTFQxOUy3YARY17-9l0A0fg?authuser=0&hl=en&rclk=1,"
+1 818-696-2213",http://www.pacmedrx.com/
Garfield Pharmacy,"4.3
(6)","
808 E California Ave, Glendale, CA 91206, United States",https://www.google.com/maps/place/Garfield+Pharmacy/data=!4m7!3m6!1s0x80c2bc0771bcb31f:0x8bb58f648b763c1c!8m2!3d34.0704288!4d-118.4009894!16s%2Fg%2F1vyn43n0!19sChIJH7O8cQe8woARHDx2i2SPtYs?authuser=0&hl=en&rclk=1,"
+1 818-696-2213",http://www.pacmedrx.com/
PAX PHARMACY,"4.3
(6)","
808 E California Ave, Glendale, CA 91206, United States",https://www.google.com/maps/place/PAX+PHARMACY/data=!4m7!3m6!1s0x80c2d904896d9d93:0xb491ea4588058f1!8m2!3d34.1415745!4d-117.9786356!16s%2Fg%2F11b6q8h33_!19sChIJk51tiQTZwoAR8ViAWKQeSQs?authuser=0&hl=en&rclk=1,"
+1 818-696-2213",http://www.pacmedrx.com/
Santa Clara Valley Health Care Multi-Specialty Clinic and Pharmacy,"4.3
(30)","
931 Buena Vista St #104, Duarte, CA 91010, United States",https://www.google.com/maps/place/Santa+Clara+Valley+Health+Care+Multi-Specialty+Clinic+and+Pharmacy/data=!4m7!3m6!1s0x808fb0a200e5e2cf:0x4281fc62fc194e61!8m2!3d37.4034925!4d-122.1061518!16s%2Fg%2F11t9kcyklt!19sChIJz-LlAKKwj4ARYU4Z_GL8gUI?authuser=0&hl=en&rclk=1,"
+1 626-357-8500",http://www.paxrx.com/
Cherry Pharmacy,"4.3
(30)","
931 Buena Vista St #104, Duarte, CA 91010, United States",https://www.google.com/maps/place/Cherry+Pharmacy/data=!4m7!3m6!1s0x8095194fb5b04875:0x194db8e5dec7ffa5!8m2!3d36.5278576!4d-119.2873009!16s%2Fg%2F11nn2n2cx9!19sChIJdUiwtU8ZlYARpf_H3uW4TRk?authuser=0&hl=en&rclk=1,"
+1 626-357-8500",http://www.paxrx.com/
Xprs Rx Pharmacy,"5.0
(2)","
40657 Rd 128, Cutler, CA 93615, United States",https://www.google.com/maps/place/Xprs+Rx+Pharmacy/data=!4m7!3m6!1s0x80c2bbf3dbb8dd67:0x83b2b5affd94a368!8m2!3d34.027534!4d-118.4291521!16s%2Fg%2F11s_zrq0s6!19sChIJZ9242_O7woARaKOU_a-1soM?authuser=0&hl=en&rclk=1,"
+1 559-390-0023",http://www.cherryrx.com/
Community Pharmacy,"5.0
(149)","
11205 1/4 National Blvd, Los Angeles, CA 90064, United States",https://www.google.com/maps/place/Community+Pharmacy/data=!4m7!3m6!1s0x80c2bebbda973977:0x45c9f8a676ecf9e6!8m2!3d34.0894332!4d-118.3760041!16s%2Fg%2F1tj7f9x8!19sChIJdzmX2ru-woAR5vnsdqb4yUU?authuser=0&hl=en&rclk=1,"
+1 424-297-7779",http://www.xprsrxpharmacy.com/
Los Angeles County Health Services Central Pharmacy,"5.0
(149)","
11205 1/4 National Blvd, Los Angeles, CA 90064, United States",https://www.google.com/maps/place/Los+Angeles+County+Health+Services+Central+Pharmacy/data=!4m7!3m6!1s0x80c2c653a69f676f:0x5c208603d99b8cc9!8m2!3d34.0597667!4d-118.2494806!16s%2Fg%2F11mq3772_n!19sChIJb2efplPGwoARyYyb2QOGIFw?authuser=0&hl=en&rclk=1,"
+1 424-297-7779",http://www.xprsrxpharmacy.com/
Omnicare Pharmacy,"5.0
(149)","
11205 1/4 National Blvd, Los Angeles, CA 90064, United States",https://www.google.com/maps/place/Omnicare+Pharmacy/data=!4m7!3m6!1s0x809a9ffc59163d2b:0x9e556ae0784703f3!8m2!3d38.1239673!4d-121.246457!16s%2Fg%2F1tfbnl25!19sChIJKz0WWfyfmoAR8wNHeOBqVZ4?authuser=0&hl=en&rclk=1,"
+1 424-297-7779",http://www.xprsrxpharmacy.com/
GKN RX Pharmacy,,"
850 S Guild Ave # 100A, Lodi, CA 95240, United States",https://www.google.com/maps/place/GKN+RX+Pharmacy/data=!4m7!3m6!1s0x80945d2e206a382f:0xc1bc23a496878b79!8m2!3d36.8384364!4d-119.752497!16s%2Fg%2F11csq1k6wl!19sChIJLzhqIC5dlIAReYuHlqQjvME?authuser=0&hl=en&rclk=1,"
+1 209-333-4900",https://www.omnicare.com/
CVS Pharmacy,"4.0
(6)","
850 S Guild Ave # 100A, Lodi, CA 95240, United States",https://www.google.com/maps/place/CVS+Pharmacy/data=!4m7!3m6!1s0x809525be89a31f79:0x5f21f2f468543d47!8m2!3d36.3591268!4d-119.2947214!16s%2Fg%2F1vg6t_2x!19sChIJeR-jib4llYARRz1UaPTyIV8?authuser=0&hl=en&rclk=1,"
+1 209-333-4900",https://www.omnicare.com/
Pharmacy of the West,"3.7
(34)","
3308 N Dinuba Blvd, Visalia, CA 93291, United States",https://www.google.com/maps/place/Pharmacy+of+the+West/data=!4m7!3m6!1s0x80c2bf2f9753b3d3:0xa0d1cc1901a0223a!8m2!3d34.0975709!4d-118.3192192!16s%2Fg%2F11kqmv6vlk!19sChIJ07NTly-_woAROiKgARnM0aA?authuser=0&hl=en&rclk=1,"
+1 559-302-1851",https://www.cvs.com/store-locator/visalia-ca-pharmacies/3308-n-dinuba-blvd-visalia-ca-93291/storeid=17520?WT.mc_id=LS_GOOGLE_RX_17520
Tom's Pharmacy,"5.0
(57)","
1465 Tamarind Ave Suite 3, Los Angeles, CA 90028, United States",https://www.google.com/maps/place/Tom%27s+Pharmacy/data=!4m7!3m6!1s0x8094e5e68155be05:0x919cced6126067d!8m2!3d36.5685109!4d-119.6003619!16s%2Fg%2F11w7bwdr_f!19sChIJBb5VgebllIARfQYmYe3MGQk?authuser=0&hl=en&rclk=1,"
+1 323-713-0000",https://pharmacyofthewest.com/
Santa Clarita Valley Health Care Pharmacy,,"
1225 Rose Ave, Selma, CA 93662, United States",https://www.google.com/maps/place/Santa+Clarita+Valley+Health+Care+Pharmacy/data=!4m7!3m6!1s0x80c287169909c3dd:0x1d56b216f4f62566!8m2!3d34.4138564!4d-118.5523518!16s%2Fg%2F11f_j0dtml!19sChIJ3cMJmRaHwoARZiX29BayVh0?authuser=0&hl=en&rclk=1,"
+1 559-620-7102",
CVS Pharmacy y más,"5.0
(4)","
1225 Rose Ave, Selma, CA 93662, United States",https://www.google.com/maps/place/CVS+Pharmacy+y+m%C3%A1s/data=!4m7!3m6!1s0x80945d64bf0037c5:0xf697881c4819acc7!8m2!3d36.8080351!4d-119.7817787!16s%2Fg%2F11c469q9n1!19sChIJxTcAv2RdlIARx6wZSByIl_Y?authuser=0&hl=en&rclk=1,"
+1 559-620-7102",https://www.cvs.com/store-locator/fresno-ca-pharmacies/4987-n-fresno-st-fresno-ca-93726/storeid=6772?WT.mc_id=LS_GOOGLE_RX_6772
AHF Pharmacy - Long Beach,"3.3
(38)","
4987 N Fresno St, Fresno, CA 93726, United States",https://www.google.com/maps/place/AHF+Pharmacy+-+Long+Beach/data=!4m7!3m6!1s0x80dd319bbbb7dac1:0x4b523b367552bb4e!8m2!3d33.7896122!4d-118.1509879!16s%2Fg%2F11b5pj7xgp!19sChIJwdq3u5sx3YARTrtSdTY7Uks?authuser=0&hl=en&rclk=1,"
+1 559-227-7137",https://www.cvs.com/store-locator/fresno-ca-pharmacies/4987-n-fresno-st-fresno-ca-93726/storeid=6772?WT.mc_id=LS_GOOGLE_RX_6772
Costco Pharmacy,"3.3
(38)","
4987 N Fresno St, Fresno, CA 93726, United States",https://www.google.com/maps/place/Costco+Pharmacy/data=!4m7!3m6!1s0x80952edf389393dd:0xb18b4d726871f168!8m2!3d36.2930701!4d-119.306151!16s%2Fg%2F1wc31h7j!19sChIJ3ZOTON8ulYARaPFxaHJNi7E?authuser=0&hl=en&rclk=1,"
+1 559-227-7137",https://www.cvs.com/store-locator/fresno-ca-pharmacies/4987-n-fresno-st-fresno-ca-93726/storeid=6772?WT.mc_id=LS_GOOGLE_RX_6772
Walmart Pharmacy,"3.3
(38)","
4987 N Fresno St, Fresno, CA 93726, United States",https://www.google.com/maps/place/Walmart+Pharmacy/data=!4m7!3m6!1s0x8094f846162069c1:0x5e6a8b54bcb26a47!8m2!3d36.7055967!4d-119.577655!16s%2Fg%2F1w0h_vy_!19sChIJwWkgFkb4lIARR2qyvFSLal4?authuser=0&hl=en&rclk=1,"
+1 559-227-7137",https://www.cvs.com/store-locator/fresno-ca-pharmacies/4987-n-fresno-st-fresno-ca-93726/storeid=6772?WT.mc_id=LS_GOOGLE_RX_6772
Pioneer Drug Store,"3.6
(26)","
2761 Jensen Ave, Sanger, CA 93657, United States",https://www.google.com/maps/place/Pioneer+Drug+Store/data=!4m7!3m6!1s0x809198b833cf8e59:0xe490928b6ae1ab02!8m2!3d37.2560999!4d-121.0000279!16s%2Fg%2F1v1kq2_m!19sChIJWY7PM7iYkYARAqvhaouSkOQ?authuser=0&hl=en&rclk=1,"
+1 559-875-1813",https://www.walmart.com/store/4238-sanger-ca/pharmacy/
Kaiser Permanente Pharmacy,"3.6
(26)","
2761 Jensen Ave, Sanger, CA 93657, United States",https://www.google.com/maps/place/Kaiser+Permanente+Pharmacy/data=!4m7!3m6!1s0x8094f02324860f3b:0x333d4d8337f9e229!8m2!3d36.5719048!4d-119.6302015!16s%2Fg%2F11r1s6cd9k!19sChIJOw-GJCPwlIARKeL5N4NNPTM?authuser=0&hl=en&rclk=1,"
+1 559-875-1813",https://www.walmart.com/store/4238-sanger-ca/pharmacy/
CVS Pharmacy,"5.0
(2)","
2651 Highland Ave, Selma, CA 93662, United States",https://www.google.com/maps/place/CVS+Pharmacy/data=!4m7!3m6!1s0x80952bac4bdd4039:0x9a9b093627d72f61!8m2!3d36.2056128!4d-119.3673765!16s%2Fg%2F11c46b6gvg!19sChIJOUDdS6wrlYARYS_XJzYJm5o?authuser=0&hl=en&rclk=1,"
+1 559-898-6010",https://mydoctor.kaiserpermanente.org/ncal/article/our-pharmacy-fsa-radiology-470030
BC Pharmacy,"4.2
(26)","
109 S West St, Tulare, CA 93274, United States",https://www.google.com/maps/place/BC+Pharmacy/data=!4m7!3m6!1s0x80c2bff1142d34a1:0xd17a1e3edbc37b7!8m2!3d34.1519159!4d-118.3625793!16s%2Fg%2F11p65ymp35!19sChIJoTQtFPG_woARtze87eOhFw0?authuser=0&hl=en&rclk=1,"
+1 559-687-1953",https://www.cvs.com/store-locator/tulare-ca-pharmacies/109-south-west-st-tulare-ca-93274/storeid=5551?WT.mc_id=LS_GOOGLE_RX_5551
CVS Pharmacy,,"
10628 Riverside Dr suite #2, Toluca Lake, CA 91602, United States",https://www.google.com/maps/place/CVS+Pharmacy/data=!4m7!3m6!1s0x80db7f18b1a44dad:0xf804d58c23fc2582!8m2!3d33.5139003!4d-117.1038164!16s%2Fg%2F12613yppk!19sChIJrU2ksRh_24ARgiX8I4zVBPg?authuser=0&hl=en&rclk=1,"
+1 818-452-9001",
Fairfax Pharmacy,,"
10628 Riverside Dr suite #2, Toluca Lake, CA 91602, United States",https://www.google.com/maps/place/Fairfax+Pharmacy/data=!4m7!3m6!1s0x80c2bec5bea7459b:0x9e09124172bbb6e3!8m2!3d34.0911849!4d-118.3618016!16s%2Fg%2F1vhlyg3f!19sChIJm0WnvsW-woAR47a7ckESCZ4?authuser=0&hl=en&rclk=1,"
+1 818-452-9001",
